{
  "annotations/annotation.xml": 1674134952000,
  "manifest.json": 1756488803946,
  "util/CustomAction.js": 1674134952000,
  "controller/extendLP.controller.js": 1674134952000,
  "Component.js": 1674134952000,
  "Component-preload.js": 1756488804444,
  "util/CustomAction-dbg.js": 1674134952000,
  "controller/extendLP-dbg.controller.js": 1674134952000,
  "Component-dbg.js": 1674134952000,
  "view/assignRolesView.fragment.xml": 1674134952000,
  "i18n/i18n.properties": 1674134952000,
  "index.html": 1732094098000
}